ori,pos,mut,global_count,global_frequency
L,5,#,60,0.0001235
L,5,F,8205,0.0168827
L,5,I,3,0.0000062
L,5,P,1,0.0000021
L,5,X,360,0.0007407
S,13,C,1,0.0000021
S,13,G,3,0.0000062
S,13,I,2230,0.0045885
S,13,N,11,0.0000226
S,13,R,2,0.0000041
S,13,T,56,0.0001152
S,13,X,39,0.0000802
L,18,-,10,0.0000206
L,18,F,46277,0.0952202
L,18,I,4,0.0000082
L,18,P,1,0.0000021
L,18,R,2,0.0000041
L,18,X,281,0.0005782
R,21,#,1,0.0000021
R,21,$,1,0.0000021
R,21,G,26,0.0000535
R,21,I,1585,0.0032613
R,21,K,112,0.0002305
R,21,N,1,0.0000021
R,21,S,4,0.0000082
R,21,T,145,0.0002984
R,21,X,60,0.0001235
P,26,#,2,0.0000041
P,26,-,1,0.0000021
P,26,F,3,0.0000062
P,26,H,74,0.0001523
P,26,L,506,0.0010412
P,26,R,6,0.0000123
P,26,S,1216,0.0025021
P,26,T,5,0.0000103
P,26,X,68,0.0001399
P,26,Y,4,0.0000082
H,69,-,91636,0.1885514
H,69,A,1,0.0000021
H,69,D,10,0.0000206
H,69,L,4,0.0000082
H,69,N,3,0.0000062
H,69,P,4,0.0000082
H,69,Q,31,0.0000638
H,69,R,6,0.0000123
H,69,S,1,0.0000021
H,69,X,903,0.001858
H,69,Y,222,0.0004568
V,70,-,91620,0.1885185
V,70,A,42,0.0000864
V,70,F,137,0.0002819
V,70,I,56,0.0001152
V,70,L,8,0.0000165
V,70,S,2,0.0000041
V,70,X,790,0.0016255
D,80,A,462,0.0009506
D,80,E,2,0.0000041
D,80,F,8,0.0000165
D,80,G,107,0.0002202
D,80,H,8,0.0000165
D,80,N,52,0.000107
D,80,V,2,0.0000041
D,80,X,50,0.0001029
D,80,Y,2182,0.0044897
S,98,#,1,0.0000021
S,98,C,1,0.0000021
S,98,F,8130,0.0167284
S,98,P,27,0.0000556
S,98,X,90,0.0001852
S,98,Y,6,0.0000123
D,138,-,16,0.0000329
D,138,A,2,0.0000041
D,138,G,15,0.0000309
D,138,H,758,0.0015597
D,138,N,26,0.0000535
D,138,X,59,0.0001214
D,138,Y,1191,0.0024506
V,143,#,19,0.0000391
V,143,-,240,0.0004938
V,143,A,1,0.0000021
V,143,D,23,0.0000473
V,143,F,1421,0.0029239
V,143,G,1,0.0000021
V,143,I,6,0.0000123
V,143,L,2,0.0000041
V,143,X,187,0.0003848
Y,144,#,3,0.0000062
Y,144,-,83436,0.171679
Y,144,C,1,0.0000021
Y,144,D,1,0.0000021
Y,144,F,45,0.0000926
Y,144,H,18,0.000037
Y,144,S,1,0.0000021
Y,144,X,853,0.0017551
W,152,-,1,0.0000021
W,152,C,2075,0.0042695
W,152,G,2,0.0000041
W,152,L,196,0.0004033
W,152,R,189,0.0003889
W,152,X,204,0.0004198
M,153,-,1,0.0000021
M,153,I,606,0.0012469
M,153,K,1,0.0000021
M,153,L,1,0.0000021
M,153,T,3331,0.0068539
M,153,V,49,0.0001008
M,153,X,62,0.0001276
L,176,F,1472,0.0030288
L,176,H,1,0.0000021
L,176,I,6,0.0000123
L,176,P,1,0.0000021
L,176,X,29,0.0000597
D,215,A,9,0.0000185
D,215,E,3,0.0000062
D,215,G,495,0.0010185
D,215,H,1199,0.0024671
D,215,N,9,0.0000185
D,215,V,83,0.0001708
D,215,X,52,0.000107
D,215,Y,355,0.0007305
A,222,#,2,0.0000041
A,222,F,7,0.0000144
A,222,I,1,0.0000021
A,222,P,4,0.0000082
A,222,S,35,0.000072
A,222,T,9,0.0000185
A,222,V,102202,0.2102922
A,222,X,332,0.0006831
D,253,A,5,0.0000103
D,253,G,1394,0.0028683
D,253,N,36,0.0000741
D,253,V,9,0.0000185
D,253,X,50,0.0001029
D,253,Y,40,0.0000823
A,262,-,1,0.0000021
A,262,D,4,0.0000082
A,262,G,2,0.0000041
A,262,P,3,0.0000062
A,262,S,6131,0.0126152
A,262,T,24,0.0000494
A,262,V,24,0.0000494
A,262,X,510,0.0010494
P,272,F,16,0.0000329
P,272,H,26,0.0000535
P,272,L,4334,0.0089177
P,272,R,1,0.0000021
P,272,S,4,0.0000082
P,272,T,7,0.0000144
P,272,X,61,0.0001255
K,417,E,2,0.0000041
K,417,N,454,0.0009342
K,417,R,3,0.0000062
K,417,T,140,0.0002881
K,417,X,9,0.0000185
N,439,-,1,0.0000021
N,439,K,9345,0.0192284
N,439,S,1,0.0000021
N,439,X,198,0.0004074
L,452,M,109,0.0002243
L,452,P,1,0.0000021
L,452,Q,22,0.0000453
L,452,R,2904,0.0059753
L,452,X,58,0.0001193
Y,453,#,1,0.0000021
Y,453,F,1478,0.0030412
Y,453,H,1,0.0000021
Y,453,X,8,0.0000165
S,477,#,1,0.0000021
S,477,-,1,0.0000021
S,477,G,17,0.000035
S,477,I,222,0.0004568
S,477,N,24397,0.0501996
S,477,R,496,0.0010206
S,477,T,5,0.0000103
S,477,X,151,0.0003107
E,484,A,16,0.0000329
E,484,D,11,0.0000226
E,484,G,18,0.000037
E,484,K,1812,0.0037284
E,484,Q,86,0.000177
E,484,R,3,0.0000062
E,484,X,46,0.0000947
N,501,#,1,0.0000021
N,501,I,4,0.0000082
N,501,R,1,0.0000021
N,501,S,8,0.0000165
N,501,T,943,0.0019403
N,501,X,152,0.0003128
N,501,Y,84316,0.1734897
A,570,D,83056,0.1708971
A,570,G,2,0.0000041
A,570,S,46,0.0000947
A,570,T,1,0.0000021
A,570,V,130,0.0002675
A,570,X,82,0.0001687
A,570,Y,4,0.0000082
E,583,A,33,0.0000679
E,583,D,2899,0.005965
E,583,Q,99,0.0002037
E,583,V,1,0.0000021
E,583,X,41,0.0000844
H,655,-,1,0.0000021
H,655,N,1,0.0000021
H,655,Q,12,0.0000247
H,655,R,4,0.0000082
H,655,X,101,0.0002078
H,655,Y,1530,0.0031481
Q,675,-,20,0.0000412
Q,675,H,2992,0.0061564
Q,675,K,6,0.0000123
Q,675,L,1,0.0000021
Q,675,P,4,0.0000082
Q,675,R,430,0.0008848
Q,675,X,49,0.0001008
Q,677,-,20,0.0000412
Q,677,H,4762,0.0097984
Q,677,K,4,0.0000082
Q,677,L,5,0.0000103
Q,677,P,751,0.0015453
Q,677,R,114,0.0002346
Q,677,X,100,0.0002058
Q,677,Y,7,0.0000144
P,681,-,8,0.0000165
P,681,H,87695,0.1804424
P,681,L,174,0.000358
P,681,R,692,0.0014239
P,681,S,29,0.0000597
P,681,X,149,0.0003066
P,681,Y,2,0.0000041
A,688,-,4,0.0000082
A,688,P,4,0.0000082
A,688,S,114,0.0002346
A,688,T,17,0.000035
A,688,V,1572,0.0032346
A,688,X,49,0.0001008
T,716,I,83527,0.1718663
T,716,P,1,0.0000021
T,716,V,7,0.0000144
T,716,X,115,0.0002366
T,732,A,1243,0.0025576
T,732,I,76,0.0001564
T,732,S,216,0.0004444
T,732,X,26,0.0000535
P,812,#,1,0.0000021
P,812,A,1,0.0000021
P,812,L,639,0.0013148
P,812,Q,6,0.0000123
P,812,R,5,0.0000103
P,812,S,973,0.0020021
P,812,T,4,0.0000082
P,812,X,54,0.0001111
D,936,A,2,0.0000041
D,936,E,18,0.000037
D,936,G,27,0.0000556
D,936,H,143,0.0002942
D,936,N,223,0.0004588
D,936,V,56,0.0001152
D,936,X,36,0.0000741
D,936,Y,1482,0.0030494
S,982,A,83060,0.1709053
S,982,L,3,0.0000062
S,982,X,92,0.0001893
K,1073,E,23,0.0000473
K,1073,M,9,0.0000185
K,1073,N,1165,0.0023971
K,1073,R,7,0.0000144
K,1073,T,649,0.0013354
K,1073,X,29,0.0000597
D,1118,A,4,0.0000082
D,1118,G,6,0.0000123
D,1118,H,83027,0.1708374
D,1118,Q,1,0.0000021
D,1118,V,19,0.0000391
D,1118,X,103,0.0002119
D,1118,Y,229,0.0004712
D,1163,#,1,0.0000021
D,1163,A,12,0.0000247
D,1163,G,9,0.0000185
D,1163,N,4,0.0000082
D,1163,V,19,0.0000391
D,1163,X,42,0.0000864
D,1163,Y,2338,0.0048107
G,1167,A,49,0.0001008
G,1167,C,1,0.0000021
G,1167,D,16,0.0000329
G,1167,F,24,0.0000494
G,1167,R,4,0.0000082
G,1167,S,6,0.0000123
G,1167,V,1867,0.0038416
G,1167,X,35,0.000072
V,1176,-,1,0.0000021
V,1176,F,1713,0.0035247
V,1176,G,3,0.0000062
V,1176,I,1,0.0000021
V,1176,L,1,0.0000021
V,1176,X,12,0.0000247
G,1219,A,7,0.0000144
G,1219,C,1127,0.0023189
G,1219,D,3,0.0000062
G,1219,F,1,0.0000021
G,1219,S,21,0.0000432
G,1219,V,452,0.00093
G,1219,X,53,0.0001091